[
  {
    "Id": 1,
    "HeaderType": "static",
    "Variation": 1,
    "FileName": "line_matrix",
    "HeaderAttribute": "StyleNoIndividual",
    "SubHeaderAttribute": "",
    "SubValueAttribute": "",
    "SetSameHeaderasValue": false,
    "HedaerName": "STYLE #",
    "LowerBoundHedaerName": "",
    "UpperBoundHeaderName": "",
    "ColumnSpan": 0,
    "RowSpan": 0,
    "SubId": 1,
    "RowNo": 0,
    "ColumnNo": 0,
    "LowerBoundRowNo": 0,
    "LowerBoundColumnNo": 0,
    "UpperBoundRowNo": 0,
    "UpperBoundColumnNo": 0,
    "RepeatData": false,
    "UpdateforAll": true,
    "FilterData": "filename",
    "Trim": false,
    "SkipBlanks": false,
    "Split": "no",
    "Replace": "\n| ~\r| ",
    "Extract": "all",
    "TransformData": "no",
    "SaveTransformVariation": false
  },
  {
    "Id": 2,
    "HeaderType": "static",
    "Variation": 1,
    "FileName": "line_matrix",
    "HeaderAttribute": "GMTDescription",
    "SubHeaderAttribute": "",
    "SubValueAttribute": "",
    "SetSameHeaderasValue": false,
    "HedaerName": "STYLE DESCRIPTION",
    "LowerBoundHedaerName": "",
    "UpperBoundHeaderName": "",
    "ColumnSpan": 0,
    "RowSpan": 0,
    "SubId": 1,
    "RowNo": 0,
    "ColumnNo": 0,
    "LowerBoundRowNo": 0,
    "LowerBoundColumnNo": 0,
    "UpperBoundRowNo": 0,
    "UpperBoundColumnNo": 0,
    "UpdateforAll": true,
    "FilterData": "no",
    "RepeatData": false,
    "SkipBlanks": false,
    "Split": "no",
    "Replace": "\n| ~\r| ",
    "Extract": "all",
    "TransformData": "no",
    "SaveTransformVariation": false
  },
  {
    "Id": 3,
    "HeaderType": "static",
    "Variation": 1,
    "FileName": "line_matrix",
    "HeaderAttribute": "Season",
    "SubHeaderAttribute": "",
    "SubValueAttribute": "",
    "SetSameHeaderasValue": false,
    "HedaerName": "SEASON",
    "LowerBoundHedaerName": "",
    "UpperBoundHeaderName": "",
    "ColumnSpan": 0,
    "RowSpan": 0,
    "SubId": 1,
    "RowNo": 0,
    "ColumnNo": 0,
    "LowerBoundRowNo": 0,
    "LowerBoundColumnNo": 0,
    "UpperBoundRowNo": 0,
    "UpperBoundColumnNo": 0,
    "UpdateforAll": true,
    "FilterData": "no",
    "RepeatData": false,
    "SkipBlanks": false,
    "Split": "no",
    "Replace": "\n| ~\r| ",
    "Extract": "all",
    "TransformData": "no",
    "SaveTransformVariation": false
  },
  {
    "Id": 4,
    "HeaderType": "static",
    "Variation": 1,
    "FileName": "line_matrix",
    "HeaderAttribute": "Division",
    "SubHeaderAttribute": "",
    "SubValueAttribute": "",
    "SetSameHeaderasValue": false,
    "HedaerName": "MERCH CATEGORY",
    "LowerBoundHedaerName": "",
    "UpperBoundHeaderName": "",
    "ColumnSpan": 0,
    "RowSpan": 0,
    "SubId": 1,
    "RowNo": 0,
    "ColumnNo": 0,
    "LowerBoundRowNo": 0,
    "LowerBoundColumnNo": 0,
    "UpperBoundRowNo": 0,
    "UpperBoundColumnNo": 0,
    "UpdateforAll": true,
    "FilterData": "no",
    "RepeatData": false,
    "SkipBlanks": false,
    "Split": "no",
    "Replace": "\n| ~\r| ",
    "Extract": "all",
    "TransformData": "no",
    "SaveTransformVariation": false
  },
  {
    "Id": 6,
    "HeaderType": "static",
    "Variation": 1,
    "FileName": "bom",
    "HeaderAttribute": "PalcementName",
    "SubHeaderAttribute": "",
    "SubValueAttribute": "",
    "SetSameHeaderasValue": false,
    "HedaerName": "Placement Name",
    "LowerBoundHedaerName": "",
    "UpperBoundHeaderName": "",
    "ColumnSpan": 1,
    "SubId": 1,
    "RowNo": 0,
    "ColumnNo": 0,
    "LowerBoundRowNo": 0,
    "LowerBoundColumnNo": 0,
    "UpperBoundRowNo": 0,
    "UpperBoundColumnNo": 0,
    "UpdateforAll": false,
    "FilterData": "no",
    "RepeatData": false,
    "SkipBlanks": false,
    "Split": "no",
    "Replace": "\n| ~\r| ",
    "Extract": "all",
    "TransformData": "list",
    "SaveTransformVariation": false
  },
  {
    "Id": 7,
    "HeaderType": "static",
    "Variation": 1,
    "FileName": "bom",
    "HeaderAttribute": "ItemName",
    "SubHeaderAttribute": "",
    "SubValueAttribute": "",
    "SetSameHeaderasValue": false,
    "HedaerName": "Product",
    "LowerBoundHedaerName": "",
    "UpperBoundHeaderName": "",
    "ColumnSpan": 0,
    "RowSpan": 0,
    "SubId": 1,
    "RowNo": 0,
    "ColumnNo": 0,
    "LowerBoundRowNo": 0,
    "LowerBoundColumnNo": 0,
    "UpperBoundRowNo": 0,
    "UpperBoundColumnNo": 0,
    "UpdateforAll": false,
    "FilterData": "no",
    "RepeatData": false,
    "SkipBlanks": false,
    "Split": "no",
    "Replace": "\n| ~\r| ",
    "Extract": "all",
    "TransformData": "no",
    "SaveTransformVariation": false
  },
  {
    "Id": 8,
    "HeaderType": "static",
    "Variation": 1,
    "FileName": "bom",
    "HeaderAttribute": "SupplierName",
    "SubHeaderAttribute": "",
    "SubValueAttribute": "",
    "SetSameHeaderasValue": false,
    "HedaerName": "Product Suppliers",
    "LowerBoundHedaerName": "",
    "UpperBoundHeaderName": "",
    "ColumnSpan": 0,
    "RowSpan": 0,
    "SubId": 1,
    "RowNo": 0,
    "ColumnNo": 0,
    "LowerBoundRowNo": 0,
    "LowerBoundColumnNo": 0,
    "UpperBoundRowNo": 0,
    "UpperBoundColumnNo": 0,
    "UpdateforAll": false,
    "FilterData": "no",
    "RepeatData": false,
    "SkipBlanks": false,
    "Split": "no",
    "Replace": "\n| ~\r| ",
    "Extract": "all",
    "TransformData": "no",
    "SaveTransformVariation": false
  },
  {
    "Id": 8,
    "HeaderType": "static",
    "Variation": 1,
    "FileName": "bom",
    "HeaderAttribute": "BOMSelection",
    "SubHeaderAttribute": "",
    "SubValueAttribute": "",
    "SetSameHeaderasValue": false,
    "HedaerName": "Placement Name",
    "LowerBoundHedaerName": "",
    "UpperBoundHeaderName": "",
    "ColumnSpan": 0,
    "RowSpan": 0,
    "SubId": 1,
    "RowNo": 0,
    "ColumnNo": 0,
    "LowerBoundRowNo": 0,
    "LowerBoundColumnNo": 0,
    "UpperBoundRowNo": 0,
    "UpperBoundColumnNo": 0,
    "UpdateforAll": false,
    "FilterData": "no",
    "RepeatData": true,
    "SkipBlanks": false,
    "Split": "no",
    "Replace": "\n| ~\r| ",
    "Extract": "all",
    "TransformData": "no",
    "SaveTransformVariation": false
  },
  {
    "Id": 9,
    "HeaderType": "dynamic",
    "Variation": 1,
    "FileName": "bom",
    "HeaderAttribute": "SubColumns",
    "SubHeaderAttribute": "GMTColor",
    "SubValueAttribute": "RMColor",
    "SetSameHeaderasValue": false,
    "HedaerName": "INIT",
    "LowerBoundHedaerName": "Common Size",
    "UpperBoundHeaderName": "END",
    "ColumnSpan": 0,
    "RowSpan": 0,
    "SubId": 1,
    "RowNo": 0,
    "ColumnNo": 0,
    "LowerBoundRowNo": 0,
    "LowerBoundColumnNo": 0,
    "UpperBoundRowNo": 0,
    "UpperBoundColumnNo": 0,
    "UpdateforAll": false,
    "FilterData": "no",
    "RepeatData": false,
    "SkipBlanks": false,
    "Split": "no",
    "Replace": "\n| ~\r| ",
    "Extract": "all",
    "TransformData": "no",
    "SaveTransformVariation": false
  },
  {
    "Id": 10,
    "HeaderType": "dynamic",
    "Variation": 1,
    "FileName": "bom",
    "HeaderAttribute": "SubColumns",
    "SubHeaderAttribute": "GMTColor",
    "SubValueAttribute": "NRF",
    "SetSameHeaderasValue": true,
    "HedaerName": "INIT",
    "LowerBoundHedaerName": "Common Size",
    "UpperBoundHeaderName": "END",
    "ColumnSpan": 0,
    "RowSpan": 0,
    "SubId": 1,
    "RowNo": 0,
    "ColumnNo": 0,
    "LowerBoundRowNo": 0,
    "LowerBoundColumnNo": 0,
    "UpperBoundRowNo": 0,
    "UpperBoundColumnNo": 0,
    "UpdateforAll": false,
    "FilterData": "no",
    "RepeatData": false,
    "SkipBlanks": false,
    "Split": "right|3",
    "Replace": "\n| ~\r| ",
    "Extract": "all",
    "TransformData": "no",
    "SaveTransformVariation": false
  },
  {
    "Id": 11,
    "HeaderType": "dynamic",
    "Variation": 1,
    "FileName": "bom",
    "HeaderAttribute": "SubColumns",
    "SubHeaderAttribute": "GMTColor",
    "SubValueAttribute": "ColorCode",
    "SetSameHeaderasValue": false,
    "HedaerName": "INIT",
    "LowerBoundHedaerName": "Common Size",
    "UpperBoundHeaderName": "END",
    "ColumnSpan": 0,
    "RowSpan": 0,
    "SubId": 1,
    "RowNo": 0,
    "ColumnNo": 0,
    "LowerBoundRowNo": 0,
    "LowerBoundColumnNo": 0,
    "UpperBoundRowNo": 0,
    "UpperBoundColumnNo": 0,
    "UpdateforAll": false,
    "FilterData": "no",
    "RepeatData": false,
    "SkipBlanks": false,
    "Split": "delimited|-|2",
    "Replace": "\n| ~\r| ",
    "Extract": "all",
    "TransformData": "no",
    "SaveTransformVariation": false
  }
]