[{"Id":0,"ThreadType":"A\u0026E","Supplier":"South Asia Texttile","TicketNo":"HSDFf"},
{"Id":1,"ThreadType":"A\u0026E  Wild Cat","Supplier":"Milan text pvt ltd","TicketNo":"64754-283"},
{"Id":2,"ThreadType":"A\u0026E Perma Core","Supplier":"CIC Plants pvt ltd","TicketNo":"cic-123-oiu"},
{"Id":3,"ThreadType":"A\u0026E Perma Spun","Supplier":"123","TicketNo":"123"},
{"Id":4,"ThreadType":"A\u0026E STRONG","Supplier":null,"TicketNo":null},
{"Id":5,"ThreadType":"ANECOT Plus EC ","Supplier":null,"TicketNo":null},
{"Id":6,"ThreadType":"ANESOFT-SEAM SOFT","Supplier":null,"TicketNo":null},
{"Id":7,"ThreadType":"GARL","Supplier":null,"TicketNo":null},
{"Id":8,"ThreadType":"PERMA CORE","Supplier":null,"TicketNo":null},
{"Id":9,"ThreadType":"PERMA SPUN","Supplier":null,"TicketNo":null},
{"Id":10,"ThreadType":"PFD","Supplier":null,"TicketNo":null},
{"Id":11,"ThreadType":"SEAM SOFT","Supplier":null,"TicketNo":null},
{"Id":12,"ThreadType":"WATERSOULBLE","Supplier":null,"TicketNo":null},
{"Id":13,"ThreadType":"WILD CAT","Supplier":null,"TicketNo":null},
{"Id":14,"ThreadType":"WILD CAT PLUS ","Supplier":null,"TicketNo":null}]